Date,Company,Ticker,Stock_Price,Volume,Market_Cap(Cr),Open,High,Low,Close,Price_Change
2023-11-29 05:36:16.112974,Infosys,INFY,108.5347464993768,2261466,251876.9632669068,113.50599150095393,121.1548241163752,112.52203500381994,108.5347464993768,-4.971245001577117
2023-11-30 05:36:16.112972,Wipro,WIPRO,162.28904758190004,1091865,203769.373372517,160.0253142447167,166.10436517265114,158.28422089137587,162.28904758190004,2.2637333371833392
2023-12-01 05:36:16.112970,HDFC Bank,HDFC,121.58210274968432,3094157,236726.9406791504,121.0411298134518,126.37715528072056,119.1891741347771,121.58210274968432,0.5409729362325209
2023-12-02 05:36:16.112967,Bharti Airtel,BHARTIARTL,176.99935530986107,4516336,426977.4246953764,178.83230907592613,184.63403276819943,172.21860296522198,176.99935530986107,-1.83295376606506
2023-12-03 05:36:16.112965,HDFC Bank,HDFC,152.22432600548044,1051745,457068.68443079,154.92840018355838,158.9166279925274,147.18186487174657,152.22432600548044,-2.7040741780779456
2023-12-04 05:36:16.112964,HDFC Bank,HDFC,112.70605126518848,3845741,268569.8202369992,112.59248316923514,116.3944393570937,109.09545087177663,112.70605126518848,0.1135680959533402
2023-12-05 05:36:16.112962,ICICI Bank,ICICIBANK,136.01906414112628,2198425,333216.62438787683,134.25516633262168,137.66764460888325,131.28981051974512,136.01906414112628,1.7638978085045949
2023-12-06 05:36:16.112960,Reliance Industries,RELIANCE,182.26005606596584,3245131,172574.17403591893,177.48129158125582,177.73771223932016,173.94877749623518,182.26005606596584,4.778764484710024
2023-12-07 05:36:16.112958,Wipro,WIPRO,103.73481887492144,4512552,110612.88154952788,98.98068803950946,103.77250681580676,91.6056044449194,103.73481887492144,4.754130835411985
2023-12-08 05:36:16.112956,Wipro,WIPRO,103.05002499390494,2047172,183154.50205841093,105.63265695319517,110.82347480455736,96.06764297020035,103.05002499390494,-2.582631959290225
2023-12-09 05:36:16.112954,Reliance Industries,RELIANCE,159.08332605690106,3227712,134203.41234178725,155.38418845820738,164.01752495392563,155.2631037058585,159.08332605690106,3.6991375986936816
2023-12-10 05:36:16.112952,HDFC Bank,HDFC,128.65412521282843,4709765,105200.76940429442,131.15064353025767,134.94850133204997,130.43807625260507,128.65412521282843,-2.496518317429235
2023-12-11 05:36:16.112950,Bharti Airtel,BHARTIARTL,154.26446347075768,4487124,458534.3274084479,158.9532420236146,163.5881824616203,158.23239866362786,154.26446347075768,-4.688778552856917
2023-12-12 05:36:16.112948,Reliance Industries,RELIANCE,146.55980181324605,3382357,217259.0921044053,151.29469150501998,157.48959496511614,144.13145762439316,146.55980181324605,-4.734889691773958
2023-12-13 05:36:16.112946,ICICI Bank,ICICIBANK,103.5942273796742,2085244,181993.7181663284,107.30959544119796,113.99172342674814,106.46167528073994,103.5942273796742,-3.715368061523762
2023-12-14 05:36:16.112944,Hindustan Unilever,HINDUNILVR,157.8280140996174,2159771,367234.05462825845,153.28543443774254,159.31992037155632,152.8687054317187,157.8280140996174,4.542579661874868
2023-12-15 05:36:16.112943,Hindustan Unilever,HINDUNILVR,109.3981939840869,2529297,258873.41184738197,110.60734916176168,111.33930839944613,103.80507136967816,109.3981939840869,-1.2091551776747735
2023-12-16 05:36:16.112941,Infosys,INFY,137.5582952639944,3154260,432087.94582679664,136.01712583352398,138.2898221061555,130.89490662539723,137.5582952639944,1.5411694304704326
2023-12-17 05:36:16.112939,Bharti Airtel,BHARTIARTL,133.79951568515358,4562898,442278.5872425143,134.6212202869163,138.3537382032097,127.24688259970144,133.79951568515358,-0.8217046017627183
2023-12-18 05:36:16.112937,ICICI Bank,ICICIBANK,189.00053418175665,1928818,388906.7727422637,184.67404019644437,187.0494815051876,183.17235018827392,189.00053418175665,4.326493985312283
2023-12-19 05:36:16.112935,ICICI Bank,ICICIBANK,179.5792669436101,4791481,197268.8763997816,181.6609878300629,186.14792405628825,176.47690761061088,179.5792669436101,-2.081720886452814
2023-12-20 05:36:16.112934,ICICI Bank,ICICIBANK,170.19668772577035,2601596,139776.55710373807,168.2063233952385,172.09190440794197,167.53980298963162,170.19668772577035,1.9903643305318328
2023-12-21 05:36:16.112932,Tata Consultancy Services,TCS,164.99639307777653,2910705,195273.1124186906,160.67476366882826,167.62943573572687,154.53542782122764,164.99639307777653,4.321629408948269
2023-12-22 05:36:16.112929,Tata Consultancy Services,TCS,179.82951789667752,2950367,361098.4431407499,181.70837511968568,185.6701020357782,175.3416782980136,179.82951789667752,-1.87885722300814
2023-12-23 05:36:16.112928,Infosys,INFY,150.15162946871996,3429020,171417.86482173344,154.52391434108446,158.18852968979843,145.5727369340191,150.15162946871996,-4.372284872364503
2023-12-24 05:36:16.112926,Tata Consultancy Services,TCS,151.13423988609378,3523802,419966.43414927577,147.15933716600057,150.40519546500326,140.56579794394275,151.13423988609378,3.974902720093212
2023-12-25 05:36:16.112924,Reliance Industries,RELIANCE,191.32405525564712,2412290,141643.43279382953,195.6443363107473,195.7019229157285,189.27232154266449,191.32405525564712,-4.320281055100168
2023-12-26 05:36:16.112922,Tata Consultancy Services,TCS,186.7072318580104,2263455,107884.21510174566,188.03345078934984,193.47834176895836,183.4186761431025,186.7072318580104,-1.3262189313394686
2023-12-27 05:36:16.112921,Hindustan Unilever,HINDUNILVR,181.01133946791808,2305794,368757.09743949136,179.43006112830494,180.63215168201103,170.41244120695072,181.01133946791808,1.5812783396131351
2023-12-28 05:36:16.112919,ICICI Bank,ICICIBANK,180.93611554785136,3269464,192429.91863522856,185.5660355864413,193.7443777481915,185.1817720968181,180.93611554785136,-4.629920038589944
2023-12-29 05:36:16.112917,Bharti Airtel,BHARTIARTL,129.35918442644933,1912259,188788.86477317975,129.77185021321043,134.12768336133976,121.3631344189512,129.35918442644933,-0.4126657867610959
2023-12-30 05:36:16.112915,Wipro,WIPRO,135.94911512197552,2028455,110838.3970013934,138.5593941469958,146.53753063558216,136.01268792653528,135.94911512197552,-2.610279025020276
2023-12-31 05:36:16.112913,Bharti Airtel,BHARTIARTL,170.24840839871092,2631107,363569.5767640605,166.31821478698052,173.94106613474668,161.9421835464266,170.24840839871092,3.9301936117304015
2024-01-01 05:36:16.112911,ICICI Bank,ICICIBANK,169.7015740995268,2072647,386388.891538959,172.50002805103824,180.5784874704508,165.61868099017283,169.7015740995268,-2.798453951511448
2024-01-02 05:36:16.112910,Reliance Industries,RELIANCE,174.07686177542044,2726351,162461.03894647615,174.476715572579,181.15264942821483,171.32264661509888,174.07686177542044,-0.3998537971585563
2024-01-03 05:36:16.112908,HDFC Bank,HDFC,187.73730719279556,1666997,110154.54226413794,189.07736422379165,192.34769583942403,181.2083303612387,187.73730719279556,-1.340057030996121
2024-01-04 05:36:16.112906,Tata Consultancy Services,TCS,151.83296523637367,4807178,263493.66843923857,149.43100104701526,153.4724042635256,139.87765418197597,151.83296523637367,2.4019641893584094
2024-01-05 05:36:16.112904,Tata Consultancy Services,TCS,114.0084015236524,3299998,357599.8172956063,115.32653679381907,124.11169240683256,106.40568990441672,114.0084015236524,-1.3181352701666782
2024-01-06 05:36:16.112902,Reliance Industries,RELIANCE,199.00538501042632,4357519,208297.86925742152,203.81724679070052,211.2017388832138,195.96708135233,199.00538501042632,-4.811861780274228
2024-01-07 05:36:16.112900,HDFC Bank,HDFC,161.50072266991697,1498870,249323.7265119012,162.6699918536744,168.34015446354107,158.0755241696145,161.50072266991697,-1.1692691837574216
2024-01-08 05:36:16.112899,Wipro,WIPRO,109.71764937707684,1679574,478446.1848534531,107.58803070882598,115.41188554940872,103.64326792312563,109.71764937707684,2.1296186682508704
2024-01-09 05:36:16.112897,Tata Consultancy Services,TCS,157.00611700893649,1661614,444714.2484054069,152.0699757261048,160.7775102294774,148.31109287464713,157.00611700893649,4.93614128283167
2024-01-10 05:36:16.112895,Infosys,INFY,169.6029796674973,3869106,172771.25219810844,169.67765700510566,173.74673661233436,164.91747571141798,169.6029796674973,-0.0746773376083638
2024-01-11 05:36:16.112891,Infosys,INFY,193.61547741607808,4190730,162096.098372285,196.9368191956555,206.70856103786863,189.5632484217775,193.61547741607808,-3.321341779577409
2024-01-12 05:36:16.112890,ICICI Bank,ICICIBANK,155.68012624583503,4813103,323856.13252328715,158.85979648702565,159.3419168756312,155.61303721812504,155.68012624583503,-3.179670241190621
2024-01-13 05:36:16.112888,Wipro,WIPRO,116.94927466860923,3355242,260305.2243501304,113.55687362909234,123.551010886799,112.05638698215247,116.94927466860923,3.392401039516912
2024-01-14 05:36:16.112886,Infosys,INFY,131.69220051562775,3526954,276305.09877529123,134.12728307854383,140.7057361245742,129.24487170832606,131.69220051562775,-2.4350825629160795
2024-01-15 05:36:16.112884,ICICI Bank,ICICIBANK,185.1136671516857,1628861,309756.107731032,183.4648556942771,184.530785997357,182.48402988643463,185.1136671516857,1.648811457408584
2024-01-16 05:36:16.112882,Tata Consultancy Services,TCS,138.50977286019253,3691276,281315.53389921103,134.798471534927,141.3108013053419,126.35490070753085,138.50977286019253,3.711301325265538
2024-01-17 05:36:16.112880,Wipro,WIPRO,129.44488920695858,4151297,410211.0466780042,132.7030567126062,136.6417007691478,128.1592833670066,129.44488920695858,-3.2581675056476342
2024-01-18 05:36:16.112878,Bharti Airtel,BHARTIARTL,185.300945546736,2849396,126283.45577134094,180.5934183770816,187.18227307940816,175.11382348734463,185.300945546736,4.707527169654412
2024-01-19 05:36:16.112876,Wipro,WIPRO,196.3619977089253,3957061,325936.45330504654,200.0804329863776,202.2371845103548,198.98307099960255,196.3619977089253,-3.718435277452329
2024-01-20 05:36:16.112874,Tata Consultancy Services,TCS,196.66548190436697,3320929,288826.7780439997,200.47418949635625,207.23932335412871,195.59564905709263,196.66548190436697,-3.808707591989275
2024-01-21 05:36:16.112872,Tata Consultancy Services,TCS,142.81841483173145,1650199,114619.86713923796,139.4044658846622,146.2997333949778,129.80869944145186,142.81841483173145,3.413948947069258
2024-01-22 05:36:16.112870,ICICI Bank,ICICIBANK,192.8318562587725,4462995,176275.08826546662,195.35902265434893,204.66850960941872,187.34365153551903,192.8318562587725,-2.5271663955764154
2024-01-23 05:36:16.112868,ICICI Bank,ICICIBANK,101.54566165288674,2854971,182055.8561928029,102.73177543503856,103.03564603200694,92.97303788593804,101.54566165288674,-1.1861137821518355
2024-01-24 05:36:16.112864,Wipro,WIPRO,137.01587002554444,2559312,459221.7157762855,138.81727774314746,144.52337520953574,136.40526316715204,137.01587002554444,-1.8014077176030128
2024-01-25 05:36:16.112862,Reliance Industries,RELIANCE,191.4864390220449,4888457,183962.23723823432,193.4611536387377,202.15020348352488,193.3399458922988,191.4864390220449,-1.974714616692836
2024-01-26 05:36:16.112860,Hindustan Unilever,HINDUNILVR,195.39285770025876,2265040,399984.1881596711,198.76299098389543,204.9414633859076,196.61097226372308,195.39285770025876,-3.370133283636733
2024-01-27 05:36:16.112858,Wipro,WIPRO,194.04585843529145,4463351,126830.590955371,196.1294882024418,201.10123584252605,190.77638688791583,194.04585843529145,-2.0836297671503416
2024-01-28 05:36:16.112857,ICICI Bank,ICICIBANK,117.7110679407049,2556617,338154.0069280175,121.38400995030293,128.21649023319938,120.01291289301294,117.7110679407049,-3.672942009598032
2024-01-29 05:36:16.112855,HDFC Bank,HDFC,164.54722959071677,3530179,300878.004132497,168.05304688165918,177.49918907639943,160.45014865043782,164.54722959071677,-3.505817290942417
2024-01-30 05:36:16.112853,ICICI Bank,ICICIBANK,102.43159664314538,3462492,498749.7007383789,104.01611498972964,112.39726788621074,101.4179829022793,102.43159664314538,-1.584518346584261
2024-01-31 05:36:16.112851,Infosys,INFY,128.07723624408558,2296516,134139.86723145755,131.05149646015485,137.9777559824165,130.85957369192428,128.07723624408558,-2.9742602160692684
2024-02-01 05:36:16.112850,HDFC Bank,HDFC,172.2452115261505,2615952,265849.64949080953,176.0315113897021,177.80300928417597,171.21806987334887,172.2452115261505,-3.786299863551591
2024-02-02 05:36:16.112848,Reliance Industries,RELIANCE,119.52429877980444,1253490,159465.0911012452,117.19458148149867,125.87600402527372,113.03304149970106,119.52429877980444,2.329717298305781
2024-02-03 05:36:16.112846,HDFC Bank,HDFC,149.2517693818864,1707689,484428.1269877821,149.9090890218443,154.34659121489,149.79877637755783,149.2517693818864,-0.6573196399579047
2024-02-04 05:36:16.112843,Infosys,INFY,157.6903884626359,1070390,171214.38674790057,159.47054998822654,166.1965711704778,151.77750105181315,157.6903884626359,-1.780161525590643
2024-02-05 05:36:16.112841,ICICI Bank,ICICIBANK,150.2637093105192,1463389,365414.9488066842,148.74180138954114,149.68080854743533,141.4056575839271,150.2637093105192,1.521907920978066
2024-02-06 05:36:16.112839,ICICI Bank,ICICIBANK,179.48113035416486,1250875,105237.78263533344,182.72794001341637,192.42706047448905,174.4525610577476,179.48113035416486,-3.2468096592514826
2024-02-07 05:36:16.112837,Hindustan Unilever,HINDUNILVR,163.1138625997263,2353038,352905.7151678122,164.03794044632147,170.77226477957063,159.8966429210322,163.1138625997263,-0.9240778465951678
2024-02-08 05:36:16.112835,Wipro,WIPRO,189.20465551771133,2932247,332235.34011121735,189.0105212909778,191.02905581220728,185.3329277822049,189.20465551771133,0.1941342267335244
2024-02-09 05:36:16.112834,Tata Consultancy Services,TCS,139.30977246667604,4071456,244957.55964665324,139.2612377368158,146.30804536418225,137.31501261860814,139.30977246667604,0.0485347298602505
2024-02-10 05:36:16.112832,Infosys,INFY,197.3010554752445,2364133,465938.36042724,200.81312461573225,203.8924240316441,196.315278127519,197.3010554752445,-3.5120691404876823
2024-02-11 05:36:16.112830,HDFC Bank,HDFC,124.39896433790835,3453752,267570.17980181915,120.16027293281137,120.46000883153812,111.29423078040668,124.39896433790835,4.238691405097001
2024-02-12 05:36:16.112828,Hindustan Unilever,HINDUNILVR,126.52023676817254,3573619,299347.10909579194,128.35282440476848,129.74933695233162,127.04572063736649,126.52023676817254,-1.832587636595946
2024-02-13 05:36:16.112826,Wipro,WIPRO,136.77158030594336,4483617,170554.79460248933,133.97341232544147,140.6420549009025,129.71257848653775,136.77158030594336,2.798167980501887
2024-02-14 05:36:16.112824,Bharti Airtel,BHARTIARTL,109.36747678280923,4600830,156342.80815191995,105.17793894188571,110.06640474445491,99.90752430276922,109.36747678280923,4.189537840923521
2024-02-15 05:36:16.112822,HDFC Bank,HDFC,156.83086033354715,1780722,280975.80645307736,156.78961768433487,161.94557797012737,150.5506593214185,156.83086033354715,0.041242649212279
2024-02-16 05:36:16.112820,Wipro,WIPRO,165.76128923003432,1550222,189841.9291759928,167.99549036692017,172.54288892325874,164.93295415905405,165.76128923003432,-2.234201136885844
2024-02-17 05:36:16.112818,Reliance Industries,RELIANCE,184.9223410494178,3759453,280887.1763559228,182.51987888702104,191.19906183222128,176.36768450471095,184.9223410494178,2.402462162396745
2024-02-18 05:36:16.112816,HDFC Bank,HDFC,164.96328990472148,4874641,395000.49924389936,163.6901750748446,170.0813744529996,155.55047237978442,164.96328990472148,1.2731148298768744
2024-02-19 05:36:16.112814,Infosys,INFY,174.6491405118024,1317537,238781.28075849108,173.7336726425094,183.2517904967418,163.76670410397963,174.6491405118024,0.9154678692930248
2024-02-20 05:36:16.112812,Reliance Industries,RELIANCE,132.53996981592678,3860337,238538.3977463845,128.4098374150409,128.459237224385,123.315616133543,132.53996981592678,4.130132400885884
2024-02-21 05:36:16.112810,ICICI Bank,ICICIBANK,123.72490874968,1006949,467942.2465651042,124.2334824557714,133.88466942013187,123.61056447447078,123.72490874968,-0.5085737060913971
2024-02-22 05:36:16.112809,HDFC Bank,HDFC,171.2179221347536,4748603,314958.2411751691,172.7703419411438,182.63664317073227,165.8487285242025,171.2179221347536,-1.552419806390219
2024-02-23 05:36:16.112807,HDFC Bank,HDFC,122.42693094605598,1327359,259267.4774363773,125.52209169330476,127.00552370292564,124.51163358319828,122.42693094605598,-3.095160747248784
2024-02-24 05:36:16.112805,Reliance Industries,RELIANCE,165.19612595026007,3702757,233399.6686764577,168.8174021229146,169.23313071341852,165.78465064723864,165.19612595026007,-3.621276172654518
2024-02-25 05:36:16.112803,Infosys,INFY,169.18951976926934,4467366,101852.80920184114,173.74603475156687,178.8183828384508,172.53218535734257,169.18951976926934,-4.556514982297529
2024-02-26 05:36:16.112802,Infosys,INFY,154.8733789366586,1315826,421141.3794392046,158.7608597353484,161.9224207851159,157.33836604847642,154.8733789366586,-3.8874807986897792
2024-02-27 05:36:16.112800,ICICI Bank,ICICIBANK,116.08080514174986,2534026,234078.8966583604,112.3759543545779,121.71470452985696,109.98415331241864,116.08080514174986,3.704850787171964
2024-02-28 05:36:16.112798,Bharti Airtel,BHARTIARTL,100.50615838462188,3961293,121904.65552881254,98.16215881050891,102.68414909334328,88.3253695578748,100.50615838462188,2.3439995741129422
2024-02-29 05:36:16.112796,Reliance Industries,RELIANCE,166.3501769108056,1826196,259601.0815480521,170.1247855371094,171.34588467720968,163.17443324852388,166.3501769108056,-3.7746086263038015
2024-03-01 05:36:16.112794,Hindustan Unilever,HINDUNILVR,110.1471542866032,3098404,336510.1742979717,106.06202266058077,106.45545806726588,105.4842170506171,110.1471542866032,4.085131626022445
2024-03-02 05:36:16.112792,HDFC Bank,HDFC,100.91970516166296,2092814,307535.22285042884,101.72056724004108,111.08662416299067,91.7719040683434,100.91970516166296,-0.8008620783781168
2024-03-03 05:36:16.112790,Bharti Airtel,BHARTIARTL,160.642905965959,3636694,447958.5448248513,161.57230531437602,166.88400059438635,160.99066735932126,160.642905965959,-0.9293993484170358
2024-03-04 05:36:16.112789,Reliance Industries,RELIANCE,189.85541885270797,2985838,468336.7530469489,190.22516308164208,190.79603164253524,185.62715884394888,189.85541885270797,-0.3697442289341381
2024-03-05 05:36:16.112787,Reliance Industries,RELIANCE,116.16287140946136,3378494,149865.07248130674,113.4010475576876,116.0985436728575,105.5934316970032,116.16287140946136,2.761823851773769
2024-03-06 05:36:16.112785,Bharti Airtel,BHARTIARTL,108.41399649950488,1971375,435559.23457837367,105.6584022178715,106.77759841184876,105.0449059467648,108.41399649950488,2.7555942816333925
2024-03-07 05:36:16.112782,Reliance Industries,RELIANCE,164.20316461542876,1481680,493936.4795849338,167.36149586533494,169.41990796570263,165.84124733404846,164.20316461542876,-3.1583312499061837
2024-03-08 05:36:16.112780,Infosys,INFY,177.98755458576238,1698168,145295.2183363021,174.52651364916093,183.2092264542935,168.0245027251794,177.98755458576238,3.4610409366014494
2024-03-09 05:36:16.112779,Reliance Industries,RELIANCE,188.70864242651172,4445498,280335.74856165284,190.66884860704965,196.5223922510172,184.47296905807136,188.70864242651172,-1.9602061805379092
2024-03-10 05:36:16.112777,Wipro,WIPRO,189.71102599525773,3907869,470227.4051627105,192.29341075229863,200.3501122817992,190.13302892720264,189.71102599525773,-2.582384757040927
2024-03-11 05:36:16.112775,ICICI Bank,ICICIBANK,172.59556788702395,3223069,473746.8059076059,171.55798807605052,179.9996925657425,165.14972492914845,172.59556788702395,1.0375798109734262
2024-03-12 05:36:16.112773,Wipro,WIPRO,134.92095746126608,2679748,394577.6942498891,131.65990995346095,136.40621871095908,130.60326311084353,134.92095746126608,3.261047507805131
2024-03-13 05:36:16.112771,Reliance Industries,RELIANCE,133.90297910487007,1860395,269652.2685209544,138.85205733133444,145.4901026075525,134.45694044500533,133.90297910487007,-4.949078226464366
2024-03-14 05:36:16.112768,HDFC Bank,HDFC,163.31014572732678,1640053,342686.0185531423,167.5876685592789,174.95168870993533,162.52624993087647,163.31014572732678,-4.277522831952126
2024-03-15 05:36:16.112766,ICICI Bank,ICICIBANK,190.04180571633304,3658571,330515.3440667252,193.8796645659673,194.24637883530272,190.7615032351147,190.04180571633304,-3.837858849634245
2024-03-16 05:36:16.112764,Hindustan Unilever,HINDUNILVR,189.72157579533268,1687409,161015.61716570455,194.4126020967408,196.088794259624,190.08762331343945,189.72157579533268,-4.691026301408101
2024-03-17 05:36:16.112762,Bharti Airtel,BHARTIARTL,109.31027678058992,3715514,382895.45372535946,104.88870354622388,106.5591226252334,95.23048193469168,109.31027678058992,4.421573234366036
2024-03-18 05:36:16.112760,Wipro,WIPRO,124.18522909004515,2360642,468999.7524709183,122.68648168171246,129.75425385056693,117.19118632276228,124.18522909004515,1.4987474083327044
2024-03-19 05:36:16.112758,Hindustan Unilever,HINDUNILVR,152.96505783560065,4582069,378660.3295507569,155.7609025712682,161.93235243730848,146.12975145537646,152.96505783560065,-2.7958447356675435
2024-03-20 05:36:16.112756,Hindustan Unilever,HINDUNILVR,155.52008115994624,3683317,326053.2734356836,152.3844637813888,154.8716065072651,151.0328008898406,155.52008115994624,3.1356173785574413
2024-03-21 05:36:16.112754,Wipro,WIPRO,181.7222200201216,4334817,472847.31299344497,178.92708211082336,183.23595734744143,178.66896304132848,181.7222200201216,2.7951379092982336
2024-03-22 05:36:16.112752,Reliance Industries,RELIANCE,165.9984046034179,1508153,448849.5635776606,162.76368492347297,171.05251858229906,162.08196182961802,165.9984046034179,3.2347196799449307
2024-03-23 05:36:16.112750,Tata Consultancy Services,TCS,125.79416277151556,3898073,107244.0735283362,123.10086088869316,126.47089265300602,119.42551666577783,125.79416277151556,2.6933018828224107
2024-03-24 05:36:16.112748,HDFC Bank,HDFC,187.7339353380981,4008038,344581.69417385914,187.8608204482632,193.05855993382332,186.39708052664068,187.7339353380981,-0.1268851101650909
2024-03-25 05:36:16.112746,Hindustan Unilever,HINDUNILVR,192.4693618278563,2186887,302355.4715537864,193.5467297766449,195.2443088275203,189.56009949892177,192.4693618278563,-1.0773679487886056
2024-03-26 05:36:16.112745,Infosys,INFY,111.34735212405892,1505950,334491.93280671886,112.8438186139826,113.57878608728274,107.81815784934818,111.34735212405892,-1.4964664899236908
2024-03-27 05:36:16.112743,Reliance Industries,RELIANCE,134.10663510502584,4181915,161340.56124643207,138.5339528463771,140.89445747984175,136.78556657377297,134.10663510502584,-4.42731774135126
2024-03-28 05:36:16.112741,Infosys,INFY,113.75209441459933,1092193,478913.3358447261,111.06881142843376,115.60670684227016,103.4207134194038,113.75209441459933,2.6832829861655654
2024-03-29 05:36:16.112739,Hindustan Unilever,HINDUNILVR,193.67299887367344,1700903,284802.3214576531,198.58468513504323,208.28289558582867,192.52215575753343,193.67299887367344,-4.911686261369766
2024-03-30 05:36:16.112738,Hindustan Unilever,HINDUNILVR,138.67353463005372,4445616,260340.56670545597,135.34387409097448,136.652610698158,130.47325490278513,138.67353463005372,3.329660539079242
2024-03-31 05:36:16.112736,Reliance Industries,RELIANCE,169.0937738102466,2249728,333356.7179064482,170.22788770235368,177.9626189592197,161.00031579721974,169.0937738102466,-1.1341138921070808
2024-04-01 05:36:16.112734,ICICI Bank,ICICIBANK,117.43664290049917,1546237,463380.2245334513,117.11065801299785,120.3625586552448,108.49051319027164,117.43664290049917,0.3259848875013063
2024-04-02 05:36:16.112732,Tata Consultancy Services,TCS,164.51727904094497,1843523,172639.08672057028,168.96459926385907,175.531965909272,167.63935253644058,164.51727904094497,-4.447320222914101
2024-04-03 05:36:16.112730,HDFC Bank,HDFC,122.6495775197938,4031756,238278.39740156775,126.44076059541544,129.0220949224267,118.21595495907184,122.6495775197938,-3.791183075621646
2024-04-04 05:36:16.112727,Reliance Industries,RELIANCE,151.2093058299281,2364652,200719.62356278108,150.38511358777737,160.07923681113024,143.97539281432404,151.2093058299281,0.8241922421507297
2024-04-05 05:36:16.112725,ICICI Bank,ICICIBANK,101.6587828927856,4977266,317089.77733903844,97.5528929159082,101.4637082824258,87.79679090730906,101.6587828927856,4.105889976877407
2024-04-06 05:36:16.112723,ICICI Bank,ICICIBANK,167.75643618422822,3000896,377579.37778684,170.61988632838373,172.25512505423396,167.15888906300586,167.75643618422822,-2.863450144155508
2024-04-07 05:36:16.112721,Reliance Industries,RELIANCE,159.0892943188242,2087341,356459.05315411894,163.58890615832644,169.5184146726757,156.63939526930182,159.0892943188242,-4.499611839502251
2024-04-08 05:36:16.112719,HDFC Bank,HDFC,104.0775141554764,2498189,388014.61461842974,101.26005303412704,104.8523867281247,99.52480788426196,104.0775141554764,2.817461121349353
2024-04-09 05:36:16.112717,Hindustan Unilever,HINDUNILVR,118.65185103998542,4652692,388901.0273572265,120.44832386691613,125.59649740621302,116.4185220792645,118.65185103998542,-1.796472826930696
2024-04-10 05:36:16.112715,ICICI Bank,ICICIBANK,132.0780064971736,2193104,191700.5580930566,130.9212729687704,135.37432551879706,130.11208013825788,132.0780064971736,1.15673352840318
2024-04-11 05:36:16.112714,Infosys,INFY,183.5302495589238,4854418,159966.9709395095,182.80798089628243,191.51547990900755,179.761189505302,183.5302495589238,0.722268662641369
2024-04-12 05:36:16.112712,ICICI Bank,ICICIBANK,109.02897700544082,1163273,418918.1463118215,113.90620090280112,116.3785116468329,106.00589653973051,109.02897700544082,-4.8772238973603095
2024-04-13 05:36:16.112710,Tata Consultancy Services,TCS,153.57746840747586,2053385,258914.9162241469,148.75620775481,153.67898631929037,140.69695375363378,153.57746840747586,4.82126065266587
2024-04-14 05:36:16.112708,ICICI Bank,ICICIBANK,163.35297107608946,2845924,150995.46493279297,158.77390297245307,167.31775390614885,150.09333607137856,163.35297107608946,4.579068103636388
2024-04-15 05:36:16.112707,Tata Consultancy Services,TCS,163.23058305935794,3297396,438580.9166938073,160.56666056985705,162.37643009695194,151.78691736540637,163.23058305935794,2.663922489500891
2024-04-16 05:36:16.112705,HDFC Bank,HDFC,136.77831327192533,2858532,144252.6947820829,134.74139447648523,144.45534541690162,130.93516154171942,136.77831327192533,2.0369187954401013
2024-04-17 05:36:16.112703,Wipro,WIPRO,172.82163486118594,1810006,428502.92186880513,170.69402477772675,173.06945802696552,162.51952769281485,172.82163486118594,2.1276100834591887
2024-04-18 05:36:16.112701,Reliance Industries,RELIANCE,123.76375439923996,4196340,236832.69948636295,122.30997597564772,124.10680706435016,121.14631199679296,123.76375439923996,1.4537784235922402
2024-04-19 05:36:16.112699,Infosys,INFY,176.16196153287177,1342786,450706.2547046998,172.26670266418571,181.35702787084213,162.96075051774656,176.16196153287177,3.895258868686057
2024-04-20 05:36:16.112697,Tata Consultancy Services,TCS,167.21355474058785,3332517,404983.4742962762,164.60132619827087,171.75957584509175,162.5162210546975,167.21355474058785,2.612228542316984
2024-04-21 05:36:16.112696,Bharti Airtel,BHARTIARTL,124.20552715115004,4810948,327955.87394852657,126.58135016703896,127.89702701831156,118.067100589588,124.20552715115004,-2.375823015888912
2024-04-22 05:36:16.112694,Tata Consultancy Services,TCS,198.56504541106003,3981726,113412.97389431176,197.7786154338308,205.1097456579836,187.85703528559765,198.56504541106003,0.7864299772292895
2024-04-23 05:36:16.112692,Tata Consultancy Services,TCS,148.9452760277563,1715460,397578.5170290708,148.12294384942965,154.43854605035486,143.15330902037135,148.9452760277563,0.8223321783266613
2024-04-24 05:36:16.112691,Tata Consultancy Services,TCS,114.4894872091223,2722320,199395.6559257863,117.17222134776748,123.40188718340232,107.97830161562332,114.4894872091223,-2.682734138645188
2024-04-25 05:36:16.112689,ICICI Bank,ICICIBANK,123.95618906669723,2323483,224688.82711821928,128.7970237586902,130.90364564874685,123.6402294817252,123.95618906669723,-4.840834691992939
2024-04-26 05:36:16.112687,Hindustan Unilever,HINDUNILVR,190.82658859666537,2995269,160669.95189310046,194.5633597385288,203.68699319469567,188.55741640492255,190.82658859666537,-3.736771141863386
2024-04-27 05:36:16.112685,Tata Consultancy Services,TCS,127.86464642366114,1703286,415438.8844898123,129.13970105584485,135.0632043417785,124.6676756507965,127.86464642366114,-1.2750546321837106
2024-04-28 05:36:16.112682,Reliance Industries,RELIANCE,105.14787512499892,4055599,457557.0332203831,104.94663132803802,107.71490930038854,100.9768161572952,105.14787512499892,0.2012437969609095
2024-04-29 05:36:16.112680,Wipro,WIPRO,150.26790232288616,1000404,313384.4367905286,149.2872114589786,153.50442072771315,146.23196835239835,150.26790232288616,0.9806908639075688
2024-04-30 05:36:16.112678,Infosys,INFY,160.95643339798968,1270846,348029.1023714054,163.62831628730095,172.63533492741354,158.09029388017717,160.95643339798968,-2.671882889311263
2024-05-01 05:36:16.112676,Tata Consultancy Services,TCS,103.68869473545328,4251298,417610.0757081184,102.19581288997038,110.930045270787,92.82623465965976,103.68869473545328,1.4928818454828985
2024-05-02 05:36:16.112674,Infosys,INFY,128.48404943774676,3959464,155708.8290653549,133.46339054308015,138.33007995732717,132.58696307544176,128.48404943774676,-4.97934110533339
2024-05-03 05:36:16.112672,ICICI Bank,ICICIBANK,130.08783098167697,4950177,233962.24586283445,133.07566333941364,140.328239943565,129.47429926469846,130.08783098167697,-2.9878323577366643
2024-05-04 05:36:16.112670,Tata Consultancy Services,TCS,149.72485058923854,1151456,351083.2212285672,154.1155275743675,158.5016817662634,151.48440187525907,149.72485058923854,-4.390676985128948
2024-05-05 05:36:16.112669,Bharti Airtel,BHARTIARTL,125.17822958253642,2881548,475932.8494453901,125.46760092280854,131.25435500853249,122.43631736335526,125.17822958253642,-0.2893713402721261
2024-05-06 05:36:16.112667,Wipro,WIPRO,196.24472949421116,4101360,146759.21628334562,199.99174622105312,208.6620611822776,199.6301424158055,196.24472949421116,-3.747016726841992
2024-05-07 05:36:16.112665,HDFC Bank,HDFC,197.17820827209607,2383194,349695.1983655968,192.39090238059995,192.7919942947248,185.30345540317015,197.17820827209607,4.787305891496118
2024-05-08 05:36:16.112663,ICICI Bank,ICICIBANK,136.3629602379294,1269114,462588.8443858188,140.0639489769387,149.94044461429928,132.24366810023483,136.3629602379294,-3.70098873900929
2024-05-09 05:36:16.112662,ICICI Bank,ICICIBANK,170.30189588951777,1806741,317421.14444559545,165.54590370508313,169.25629133492916,157.28522740255784,170.30189588951777,4.755992184434632
2024-05-10 05:36:16.112660,HDFC Bank,HDFC,151.8790621743366,2766616,253556.48854928455,149.20865692187294,152.66800684734258,147.93152208552058,151.8790621743366,2.6704052524636666
2024-05-11 05:36:16.112658,Infosys,INFY,132.32029320207553,1135230,459829.8293098274,133.4789250838986,137.73385842837934,125.92622087893052,132.32029320207553,-1.1586318818230552
2024-05-12 05:36:16.112656,Tata Consultancy Services,TCS,194.2909703912519,3383129,192885.0780587269,198.15074787361377,205.5778130856136,197.2595035524536,194.2909703912519,-3.859777482361864
2024-05-13 05:36:16.112654,Hindustan Unilever,HINDUNILVR,133.7615171403628,2635156,301088.1560369916,135.02043090473288,142.29212160239595,128.78457402470528,133.7615171403628,-1.258913764370078
2024-05-14 05:36:16.112652,Reliance Industries,RELIANCE,111.98653673336828,4274506,399043.75207050046,110.17406176268898,118.85678681677278,104.96448198996856,111.98653673336828,1.812474970679304
2024-05-15 05:36:16.112651,Reliance Industries,RELIANCE,122.21078104707304,1112816,220551.14966565685,125.11801269546268,129.74424226285583,116.69767975169846,122.21078104707304,-2.90723164838964
2024-05-16 05:36:16.112649,Infosys,INFY,141.74110031487788,4912942,285071.91426784254,142.13601323863125,144.7128421237434,136.73644193582567,141.74110031487788,-0.3949129237533668
2024-05-17 05:36:16.112647,HDFC Bank,HDFC,151.07473025775658,4770513,250777.77176996303,149.22763363606268,149.53415865812073,139.95762395681973,151.07473025775658,1.8470966216939075
2024-05-18 05:36:16.112644,ICICI Bank,ICICIBANK,100.69521305311908,1027712,275653.96342808736,96.3487764611085,97.07076055090026,86.42394143952475,100.69521305311908,4.346436592010576
2024-05-19 05:36:16.112642,Infosys,INFY,186.07305832563435,2110389,426639.7757886308,188.32072604092195,195.12300846523488,186.79656590761775,186.07305832563435,-2.247667715287605
2024-05-20 05:36:16.112640,Infosys,INFY,181.8014765922493,3090784,256978.04296905416,180.20022622993,182.1956507392214,176.2070670718369,181.8014765922493,1.601250362319348
2024-05-21 05:36:16.112639,ICICI Bank,ICICIBANK,142.71077886262563,1525303,450880.2163252433,144.67366662140702,151.1769234848764,142.32724580285247,142.71077886262563,-1.962887758781392
2024-05-22 05:36:16.112637,Reliance Industries,RELIANCE,122.79351625419416,4314692,243532.193649401,118.56304827048626,128.3109798919541,109.29127007569174,122.79351625419416,4.230467983707911
2024-05-23 05:36:16.112635,Reliance Industries,RELIANCE,111.00519245276767,2274732,309226.16990764777,107.21086131054048,117.17420047110788,99.25636170264318,111.00519245276767,3.794331142227208
2024-05-24 05:36:16.112633,HDFC Bank,HDFC,131.80034749718638,4464442,366078.88827848,129.10043587006342,131.3849832833764,122.45131862519123,131.80034749718638,2.699911627122958
2024-05-25 05:36:16.112632,Infosys,INFY,189.60912999234927,4562737,425829.8880925528,190.57182877716983,197.7638465598925,187.09611353478005,189.60912999234927,-0.9626987848205316
2024-05-26 05:36:16.112630,Tata Consultancy Services,TCS,180.74401551640625,3941725,165706.3191723972,176.1140918635612,181.6677273729375,168.55245857460872,180.74401551640625,4.629923652845065
2024-05-27 05:36:16.112628,HDFC Bank,HDFC,153.93422419156508,1478007,165462.3771462818,157.22337893307184,162.20533609760324,152.71966957049,153.93422419156508,-3.2891547415067635
2024-05-28 05:36:16.112627,Hindustan Unilever,HINDUNILVR,189.25589984899776,4080201,180650.92801909783,187.44690458143037,194.0339823364391,186.48014008496315,189.25589984899776,1.80899526756744
2024-05-29 05:36:16.112625,HDFC Bank,HDFC,118.65700588860358,2178049,418106.9247439561,122.10249987395429,129.99948494537907,116.74422302922348,118.65700588860358,-3.4454939853507085
2024-05-30 05:36:16.112624,Infosys,INFY,180.36720768991145,1993176,155908.9506505158,183.98763419980455,185.8088133566916,181.978297313214,180.36720768991145,-3.6204265098931216
2024-05-31 05:36:16.112622,Hindustan Unilever,HINDUNILVR,187.14605901877175,1575278,436731.5107033088,186.8882011853464,190.2571591030575,179.98815227713976,187.14605901877175,0.257857833425362
2024-06-01 05:36:16.112620,Hindustan Unilever,HINDUNILVR,163.34037565104234,1463556,329789.2452719648,167.78304054217668,177.54169310036798,166.03001111860007,163.34037565104234,-4.442664891134342
2024-06-02 05:36:16.112619,HDFC Bank,HDFC,180.8120379564417,1573695,396448.2597160236,185.5226204080954,187.71476028167584,175.9463675630416,180.8120379564417,-4.710582451653693
2024-06-03 05:36:16.112617,Reliance Industries,RELIANCE,192.9697652342573,3677618,126598.506946711,197.2137271880226,205.93156285394463,191.59075902924351,192.9697652342573,-4.243961953765307
2024-06-04 05:36:16.112615,Tata Consultancy Services,TCS,116.12212872540044,3496081,172493.22646626405,114.09561879912596,115.69106560025784,113.4941953731181,116.12212872540044,2.026509926274485
2024-06-05 05:36:16.112613,Wipro,WIPRO,128.9751452913768,1438661,475336.1827284151,130.9493479638452,133.42038030394667,126.29729184100805,128.9751452913768,-1.974202672468408
2024-06-06 05:36:16.112611,Hindustan Unilever,HINDUNILVR,107.6979909828793,2166588,392346.9900814577,103.03745076873729,103.64097160864291,95.73094566634482,107.6979909828793,4.660540214142017
2024-06-07 05:36:16.112608,Hindustan Unilever,HINDUNILVR,122.87981654916224,1122402,149718.8893942179,127.03469952504268,127.85099934534855,121.45686535134242,122.87981654916224,-4.154882975880426
2024-06-08 05:36:16.112607,Hindustan Unilever,HINDUNILVR,175.55511385430486,4311149,486010.764266605,176.23456615983116,183.5504613773845,169.61617426133736,175.55511385430486,-0.6794523055262971
2024-06-09 05:36:16.112605,HDFC Bank,HDFC,141.03829230356297,2600396,432247.76311509166,137.84404575483632,143.10807236419743,127.90265214262465,141.03829230356297,3.194246548726653
2024-06-10 05:36:16.112603,ICICI Bank,ICICIBANK,124.92922291488748,3179996,471811.6576991304,129.18170608904416,135.6174830410094,122.48683653706226,124.92922291488748,-4.252483174156666
2024-06-11 05:36:16.112601,ICICI Bank,ICICIBANK,190.7566473926093,2932015,239547.30661719813,192.81239911776615,197.3355819629492,189.4823799871842,190.7566473926093,-2.055751725156881
2024-06-12 05:36:16.112600,Hindustan Unilever,HINDUNILVR,150.85706911647029,1690907,264736.36565890745,146.25133723015534,154.42431492978028,143.00799969900157,150.85706911647029,4.605731886314942
2024-06-13 05:36:16.112598,Reliance Industries,RELIANCE,131.43559810763267,2042892,288630.47542006336,135.8761915044988,141.35211526603615,130.54661363898543,131.43559810763267,-4.44059339686612
2024-06-14 05:36:16.112596,Hindustan Unilever,HINDUNILVR,163.64104112637804,2367763,338255.4962431377,168.5177212063445,177.46588776694978,162.00894751587256,163.64104112637804,-4.876680079966462
2024-06-15 05:36:16.112594,Tata Consultancy Services,TCS,103.14291856867342,1317428,404091.1439558746,100.35501298686944,101.1561614507162,91.55422211125486,103.14291856867342,2.787905581803983
2024-06-16 05:36:16.112592,Infosys,INFY,110.78914269933044,3004168,372601.0888895717,110.68339233576184,118.83164347322698,105.28327318971677,110.78914269933044,0.105750363568589
2024-06-17 05:36:16.112590,Tata Consultancy Services,TCS,102.54191267440952,1383934,201856.26190550555,100.03859276300138,103.43309468842943,97.70147194389703,102.54191267440952,2.5033199114081413
2024-06-18 05:36:16.112589,Tata Consultancy Services,TCS,142.75410183585495,4848693,423949.77834185393,146.24605835150814,154.26333918220607,138.24249327328454,142.75410183585495,-3.491956515653186
2024-06-19 05:36:16.112587,Wipro,WIPRO,152.2732829381994,1497562,228941.5379898892,154.19604858337792,161.3369179047022,153.51992294745577,152.2732829381994,-1.9227656451785151
2024-06-20 05:36:16.112585,HDFC Bank,HDFC,149.37955963643907,4690175,495984.0929559781,150.96739330354623,159.67708454100708,145.77679539446353,149.37955963643907,-1.5878336671071622
2024-06-21 05:36:16.112583,Tata Consultancy Services,TCS,177.09671799545612,1791267,125349.9881891071,180.16232947407065,187.25293466857977,179.4680910466097,177.09671799545612,-3.0656114786145
2024-06-22 05:36:16.112582,HDFC Bank,HDFC,156.12771975694963,4272744,153765.8707755897,158.44996862104523,163.86293197405593,154.90000556272585,156.12771975694963,-2.3222488640955987
2024-06-23 05:36:16.112579,ICICI Bank,ICICIBANK,176.07850486168974,3517723,234641.71127756825,179.8079632204538,180.32767605696853,177.54139919818394,176.07850486168974,-3.729458358764077
2024-06-24 05:36:16.112578,Bharti Airtel,BHARTIARTL,171.3244787222995,2344027,120729.41472897076,171.74348819608306,181.10561065852,168.5097725749279,171.3244787222995,-0.419009473783575
2024-06-25 05:36:16.112575,Tata Consultancy Services,TCS,111.95942459383016,3784433,313035.7730206343,108.81075388221636,109.1266153304728,106.89208063502892,111.95942459383016,3.1486707116138035
2024-06-26 05:36:16.112573,Tata Consultancy Services,TCS,147.22149251619493,4775803,292456.040741927,146.68155024577447,153.74630751064348,137.73964149913328,147.22149251619493,0.539942270420454
2024-06-27 05:36:16.112571,Wipro,WIPRO,188.72127425763267,4492537,161745.08610968094,193.2236477958407,199.58795029127705,192.3670652998764,188.72127425763267,-4.502373538208019
2024-06-28 05:36:16.112569,ICICI Bank,ICICIBANK,163.75574713552132,3461319,332495.2885690449,160.12393344471093,161.16961184805493,159.32973975482105,163.75574713552132,3.6318136908103895
2024-06-29 05:36:16.112567,Bharti Airtel,BHARTIARTL,172.9606178338064,4469401,215452.2212961023,177.13375358842882,178.8085794110195,174.39214692283076,172.9606178338064,-4.173135754622422
2024-06-30 05:36:16.112565,Bharti Airtel,BHARTIARTL,132.5183322026747,2563299,344248.016976653,128.43415293594106,130.43565537838916,122.65028376587696,132.5183322026747,4.084179266733656
2024-07-01 05:36:16.112563,Reliance Industries,RELIANCE,131.09823217156622,3667867,145934.7298956814,129.7079711409665,137.71383813205733,122.46458296967909,131.09823217156622,1.3902610305997314
2024-07-02 05:36:16.112561,HDFC Bank,HDFC,106.35583502860236,4155065,196963.8929660321,107.25814169729324,114.1527913886659,106.21704520345158,106.35583502860236,-0.9023066686908692
2024-07-03 05:36:16.112559,Wipro,WIPRO,133.08980248526493,1160775,303044.151473782,130.81125385756457,136.48666234018015,129.52731096302333,133.08980248526493,2.27854862770036
2024-07-04 05:36:16.112554,ICICI Bank,ICICIBANK,162.3298126827558,4002740,270174.5754465667,164.27677739130007,165.60393493173066,154.3642174542782,162.3298126827558,-1.946964708544272
2024-07-05 05:36:16.112552,Hindustan Unilever,HINDUNILVR,186.31034258755932,1066203,229471.69456169748,189.30450137724915,193.27373413926512,182.38013986400543,186.31034258755932,-2.9941587896898056
2024-07-06 05:36:16.112550,Tata Consultancy Services,TCS,111.58690595251298,2334679,174817.49942300934,114.77792912925496,115.5637141008052,107.6019514726732,111.58690595251298,-3.191023176741993
2024-07-07 05:36:16.112548,Tata Consultancy Services,TCS,135.84657285442725,3485195,407797.1732767748,133.31059318681832,133.642624274732,129.02859703756218,135.84657285442725,2.5359796676089275
2024-07-08 05:36:16.112546,Hindustan Unilever,HINDUNILVR,107.40446517340904,3642887,211991.63746411365,106.7527385594465,110.2590078715383,102.70955087840358,107.40446517340904,0.6517266139625377
2024-07-09 05:36:16.112544,HDFC Bank,HDFC,177.12703466859458,2059599,328645.07578796,179.01105863287194,179.88972362432028,172.059613092396,177.12703466859458,-1.884023964277361
2024-07-10 05:36:16.112542,ICICI Bank,ICICIBANK,172.90071680409875,1928479,322705.1572055719,172.85562996616073,178.03274640000785,171.4912324405934,172.90071680409875,0.0450868379380153
2024-07-11 05:36:16.112540,HDFC Bank,HDFC,170.6857343847617,3983241,471750.3956510343,172.96762194679775,176.23223502923767,163.08976674464887,170.6857343847617,-2.2818875620360477
2024-07-12 05:36:16.112539,Bharti Airtel,BHARTIARTL,181.54614284548344,3962443,367457.2879697724,177.2975206628415,177.39522913703334,172.3298520742498,181.54614284548344,4.248622182641924
2024-07-13 05:36:16.112537,Bharti Airtel,BHARTIARTL,100.55221171236025,1924618,168355.03495602633,96.61819424369796,102.21468107856712,90.67343089183623,100.55221171236025,3.934017468662276
2024-07-14 05:36:16.112535,Bharti Airtel,BHARTIARTL,119.87156815341724,3252728,203161.13081797597,122.58069019087546,129.6053398963165,118.67163023182032,119.87156815341724,-2.709122037458215
2024-07-15 05:36:16.112533,Reliance Industries,RELIANCE,177.22447692966574,4318230,426828.828379712,175.56691583783535,181.74847318101652,173.2474448766756,177.22447692966574,1.657561091830388
2024-07-16 05:36:16.112532,Wipro,WIPRO,198.6886936600517,4295887,446202.8503575921,199.65712214922064,204.6460036837342,194.19014802207997,198.6886936600517,-0.9684284891689005
2024-07-17 05:36:16.112530,ICICI Bank,ICICIBANK,107.45506436797707,2772802,487788.17331014754,107.41872683998945,108.84368226900456,101.34778647910164,107.45506436797707,0.0363375279876407
2024-07-18 05:36:16.112528,HDFC Bank,HDFC,180.219698075404,2417077,259142.23961829665,175.73395621024648,185.60058214291797,169.3142412058138,180.219698075404,4.485741865157507
2024-07-19 05:36:16.112526,Bharti Airtel,BHARTIARTL,114.09242249747626,3731573,144815.56086722092,115.0432018044788,117.46365196310408,114.80681594401544,114.09242249747626,-0.9507793070025484
2024-07-20 05:36:16.112524,ICICI Bank,ICICIBANK,154.26960831582485,3598260,492951.44676344254,151.89224875882311,152.9415505430049,150.9351032036215,154.26960831582485,2.377359557001739
2024-07-21 05:36:16.112521,Reliance Industries,RELIANCE,128.09345096873807,4067392,264158.7307958646,123.40528231935092,128.2103517919292,121.23788431844316,128.09345096873807,4.688168649387151
2024-07-22 05:36:16.112519,Bharti Airtel,BHARTIARTL,135.67533266935894,2887646,309804.5558281019,132.8247364552665,133.22092470875006,124.1967656798342,135.67533266935894,2.850596214092434
2024-07-23 05:36:16.112517,ICICI Bank,ICICIBANK,182.87375091519291,3356366,132093.49826465687,185.19947188729543,192.99798177622893,177.83073443785364,182.87375091519291,-2.3257209721025163
2024-07-24 05:36:16.112515,Infosys,INFY,127.1349031773896,2873421,458706.1698505701,131.50320057063718,140.10442454252922,129.82305849318854,127.1349031773896,-4.368297393247588
2024-07-25 05:36:16.112513,Hindustan Unilever,HINDUNILVR,138.8677289689482,1052528,169349.4381179019,140.5044406225747,147.4542594838401,134.63835599081995,138.8677289689482,-1.6367116536264916
2024-07-26 05:36:16.112511,Tata Consultancy Services,TCS,132.53303307632643,3114792,214038.06747753883,132.29353709831742,135.21016288541043,127.77586031094512,132.53303307632643,0.2394959780090175
2024-07-27 05:36:16.112510,HDFC Bank,HDFC,104.5227288910538,1858158,174626.8096205223,105.18677529402278,111.18698077521582,98.94818204725703,104.5227288910538,-0.6640464029689781
2024-07-28 05:36:16.112508,Infosys,INFY,119.59828624191452,3735505,164272.54930382228,117.56950339814628,122.3688917453175,116.6141502597996,119.59828624191452,2.028782843768255
2024-07-29 05:36:16.112506,Wipro,WIPRO,108.84925020519196,2027512,198383.09135380323,111.0397092570344,114.96464482110125,104.36421026411968,108.84925020519196,-2.1904590518424527
2024-07-30 05:36:16.112504,ICICI Bank,ICICIBANK,192.18742350231167,3373139,161143.6556737328,190.7441506669612,191.46861954490677,186.50676813047355,192.18742350231167,1.4432728353505129
2024-07-31 05:36:16.112502,Bharti Airtel,BHARTIARTL,159.78999788110852,1423570,140712.9890481615,157.6769352488155,157.7931406478965,149.45079206367873,159.78999788110852,2.1130626322930084
2024-08-01 05:36:16.112501,ICICI Bank,ICICIBANK,189.4827350427649,1615650,194890.7166943978,188.37569118318464,192.92789267400263,185.62763082770329,189.4827350427649,1.1070438595802443
2024-08-02 05:36:16.112499,Wipro,WIPRO,193.9498941564189,1259747,342309.92774275487,191.4033852532321,194.50700484246784,183.5981301007935,193.9498941564189,2.5465089031868047
2024-08-03 05:36:16.112497,Hindustan Unilever,HINDUNILVR,177.51328233611144,3381028,494606.0995171919,178.54480343077532,186.5203944371472,176.1760978410305,177.51328233611144,-1.0315210946638729
2024-08-04 05:36:16.112496,Wipro,WIPRO,196.95846277645583,1731899,242438.6903591385,192.78644945570716,195.4763835000581,189.25223566267996,196.95846277645583,4.172013320748732
2024-08-05 05:36:16.112494,ICICI Bank,ICICIBANK,118.4854455525527,4338442,328311.32186756475,120.8657817168164,126.6854957359604,111.8655504828363,118.4854455525527,-2.38033616426371
2024-08-06 05:36:16.112492,Hindustan Unilever,HINDUNILVR,154.67102793432798,4501268,358366.8965326405,151.3338616218888,151.97595099264012,142.9352485932216,154.67102793432798,3.3371663124391944
2024-08-07 05:36:16.112491,Reliance Industries,RELIANCE,152.0068021177811,2534837,245232.91855945403,147.47646178553163,152.392407252946,143.36617708746462,152.0068021177811,4.5303403322494376
2024-08-08 05:36:16.112489,ICICI Bank,ICICIBANK,131.1711076089411,2855567,213510.36231948977,131.36028466176947,133.36553192877284,125.25047477325955,131.1711076089411,-0.18917705282837
2024-08-09 05:36:16.112487,ICICI Bank,ICICIBANK,166.2522284353982,3225300,151032.1211182255,165.08361371789317,169.3866726668878,162.9631653188109,166.2522284353982,1.1686147175050223
2024-08-10 05:36:16.112485,Hindustan Unilever,HINDUNILVR,125.8779981600017,2807150,272663.81849187176,125.06570340892245,131.92135628121216,122.7849056894331,125.8779981600017,0.8122947510792642
2024-08-11 05:36:16.112483,Reliance Industries,RELIANCE,190.9320402078782,1821052,398175.789673732,195.0761596671278,196.3280175891533,186.2340950336437,190.9320402078782,-4.144119459249595
2024-08-12 05:36:16.112481,Hindustan Unilever,HINDUNILVR,103.43885211152184,2464492,334736.4472083517,100.19256489775634,101.36564678738029,92.00067630348843,103.43885211152184,3.2462872137654983
2024-08-13 05:36:16.112480,Bharti Airtel,BHARTIARTL,149.51769101112703,1653983,314842.6167274191,151.16805775658958,155.98328127171507,145.15193955512626,149.51769101112703,-1.6503667454625486
2024-08-14 05:36:16.112478,Bharti Airtel,BHARTIARTL,112.20382348447788,2553068,134768.11523496947,113.2089920888144,121.17436499857618,103.69495866674784,112.20382348447788,-1.0051686043365322
2024-08-15 05:36:16.112476,Hindustan Unilever,HINDUNILVR,144.01524937396013,2871403,299376.87957162294,144.9893803956632,151.15588354087058,138.65786663972298,144.01524937396013,-0.974131021703073
2024-08-16 05:36:16.112474,Tata Consultancy Services,TCS,168.4233026512157,2509433,415668.4954429353,172.16220342684085,181.37068190499767,171.72807809829266,168.4233026512157,-3.7389007756251535
2024-08-17 05:36:16.112473,Wipro,WIPRO,109.7672114006384,2425541,371640.92765779584,113.76739781911944,114.09265961403196,108.26513239755684,109.7672114006384,-4.00018641848105
2024-08-18 05:36:16.112471,Reliance Industries,RELIANCE,130.46137691733708,4388532,337436.9814216194,126.83023321802514,128.14268199484903,118.77030772027356,130.46137691733708,3.6311436993119344
2024-08-19 05:36:16.112469,Tata Consultancy Services,TCS,180.8397348116461,1213920,456210.912295958,175.9496930982309,182.21189631454507,171.11423663103167,180.8397348116461,4.890041713415201
2024-08-20 05:36:16.112468,Tata Consultancy Services,TCS,196.56320330745592,2868599,147904.8527277005,193.627416025062,201.23765593449195,183.99814727268617,196.56320330745592,2.93578728239396
2024-08-21 05:36:16.112466,Reliance Industries,RELIANCE,194.8885537253333,4693976,230998.94087116583,198.18597176240536,206.63380404357423,195.6203439253917,194.8885537253333,-3.2974180370720205
2024-08-22 05:36:16.112464,ICICI Bank,ICICIBANK,106.50515929852796,3387312,184579.20279861783,108.0193631820466,115.72858162848712,102.34624098575756,106.50515929852796,-1.5142038835186469
2024-08-23 05:36:16.112462,HDFC Bank,HDFC,117.05241236872916,1755195,228831.6662332713,117.59419239388708,125.3601609218045,116.52542316293965,117.05241236872916,-0.5417800251579337
2024-08-24 05:36:16.112460,Reliance Industries,RELIANCE,160.75448519014384,4638462,108028.47911109056,158.4950373970159,167.181269076572,151.40457477979157,160.75448519014384,2.259447793127947
2024-08-25 05:36:16.112458,Wipro,WIPRO,104.64504127199976,4473912,250913.66524184903,105.41020602714232,107.26546118417352,100.1585721904717,104.64504127199976,-0.7651647551425356
2024-08-26 05:36:16.112457,Wipro,WIPRO,159.24145688620425,2110205,207697.2923797524,155.41896771510565,165.1009019942529,153.6045842381494,159.24145688620425,3.822489171098596
2024-08-27 05:36:16.112455,Bharti Airtel,BHARTIARTL,151.42344384136118,1866651,196988.20145389187,155.56643190696616,160.29853097388173,148.75525336731633,151.42344384136118,-4.142988065604982
2024-08-28 05:36:16.112453,ICICI Bank,ICICIBANK,119.96737821583598,2550284,313046.9065820093,115.15128498131064,123.79486747970702,113.33979148596384,119.96737821583598,4.816093234525326
2024-08-29 05:36:16.112451,Tata Consultancy Services,TCS,178.51759613930136,2612162,278964.94672938186,176.24066940449504,179.92593284173265,175.02180847112555,178.51759613930136,2.276926734806324
2024-08-30 05:36:16.112449,ICICI Bank,ICICIBANK,145.6069984217036,4984384,142868.80453591043,142.32379128018664,148.84045953394548,138.18830026493313,145.6069984217036,3.2832071415169537
2024-08-31 05:36:16.112448,Tata Consultancy Services,TCS,136.63618432936917,1305062,312845.3941061263,136.89308615239602,137.20442698124114,134.16684614506067,136.63618432936917,-0.2569018230268511
2024-09-01 05:36:16.112446,Wipro,WIPRO,129.2144648535218,4319144,304670.9768462664,134.05848666055732,136.18953370080814,126.8969799183254,129.2144648535218,-4.844021807035517
2024-09-02 05:36:16.112444,Tata Consultancy Services,TCS,113.94938606520418,3253694,458082.7350748797,117.29868843319716,119.59823449210803,111.195350600088,113.94938606520418,-3.3493023679929905
2024-09-03 05:36:16.112442,HDFC Bank,HDFC,161.18528947223794,2454908,385339.834353821,157.5788502129662,166.51984224975757,154.46577322140615,161.18528947223794,3.606439259271753
2024-09-04 05:36:16.112440,Infosys,INFY,129.1229140198042,3548167,200974.7777376083,126.70179087413622,130.79513093728664,121.31017810738368,129.1229140198042,2.421123145667977
2024-09-05 05:36:16.112439,Wipro,WIPRO,143.1945018642116,3808283,114673.28115623916,144.52928406247307,154.36906054207134,136.49902508414644,143.1945018642116,-1.334782198261479
2024-09-06 05:36:16.112437,Hindustan Unilever,HINDUNILVR,152.4756431632238,4176083,398988.3752535026,152.89198530983245,155.63413733331916,149.81908566056958,152.4756431632238,-0.4163421466086561
2024-09-07 05:36:16.112435,Reliance Industries,RELIANCE,130.42422429595376,3745401,285013.88645325915,128.11099788980323,132.08694186943117,125.262268870184,130.42422429595376,2.313226406150534
2024-09-08 05:36:16.112433,Infosys,INFY,118.34045098534338,1790141,247565.45582790897,113.56514406854456,119.9504035451854,110.99737839133948,118.34045098534338,4.775306916798826
2024-09-09 05:36:16.112431,Bharti Airtel,BHARTIARTL,118.18249672071006,4810523,347301.9086121184,117.4346317654024,121.63190493466362,112.57591417353916,118.18249672071006,0.7478649553076622
2024-09-10 05:36:16.112430,Tata Consultancy Services,TCS,121.23391106782762,4887857,293809.1940764085,124.23246362730076,133.66862282897677,123.2182553428086,121.23391106782762,-2.998552559473154
2024-09-11 05:36:16.112428,HDFC Bank,HDFC,183.24426408004217,3626188,248188.8411165528,187.1897863489831,191.51313435940912,183.67355947658675,183.24426408004217,-3.94552226894092
2024-09-12 05:36:16.112426,Tata Consultancy Services,TCS,196.99098521619945,4231916,183739.7293346841,196.86529719869452,198.37587611650355,187.5209369306394,196.99098521619945,0.1256880175048706
2024-09-13 05:36:16.112424,ICICI Bank,ICICIBANK,102.05844942958024,2879490,173808.40774255095,105.74312918855938,115.25176481106348,105.14045528566378,102.05844942958024,-3.68467975897913
2024-09-14 05:36:16.112422,Hindustan Unilever,HINDUNILVR,170.80725777960456,4685501,399303.8761534633,167.20838953726908,169.94098480725117,157.938044089306,170.80725777960456,3.5988682423354703
2024-09-15 05:36:16.112419,HDFC Bank,HDFC,160.1115011743209,4633190,422480.51191722456,162.7475591159185,169.29267125872985,160.3127361501555,160.1115011743209,-2.6360579415976133
2024-09-16 05:36:16.112417,Hindustan Unilever,HINDUNILVR,186.6176145774935,1749074,210751.0592588815,191.10214764711503,197.9071406678622,182.1218421576152,186.6176145774935,-4.484533069621563
2024-09-17 05:36:16.112410,Wipro,WIPRO,105.80836121681996,1448345,124431.18394194548,103.75301881223912,104.57682926839756,97.27827167069309,105.80836121681996,2.055342404580827
2024-09-18 05:36:16.112408,Infosys,INFY,115.59945203362028,3908873,468348.9602127253,114.96071732497344,117.16841345286105,114.885088575192,115.59945203362028,0.6387347086468367
2024-09-19 05:36:16.112406,Wipro,WIPRO,115.60186404424364,2691738,449431.4496427109,116.12233585276346,123.05915811057834,114.164555995928,115.60186404424364,-0.520471808519801
2024-09-20 05:36:16.112405,Bharti Airtel,BHARTIARTL,159.86584841970367,1026790,132703.61277954877,158.95996494161608,166.90806042911538,158.77763911485246,159.86584841970367,0.9058834780875884
2024-09-21 05:36:16.112403,HDFC Bank,HDFC,173.19939418114052,4380405,351160.15579636313,174.44088325963185,176.07712147154854,164.8856463000825,173.19939418114052,-1.2414890784913268
2024-09-22 05:36:16.112400,Hindustan Unilever,HINDUNILVR,195.0714306409916,1248683,419764.1595636171,192.7520670492204,197.26593729251715,185.57083628695543,195.0714306409916,2.319363591771236
2024-09-23 05:36:16.112385,ICICI Bank,ICICIBANK,137.45401188473625,4348924,115724.85593643958,138.35696130988433,142.61877433224404,130.2271039227234,137.45401188473625,-0.90294942514808
